;C;S;T;A;G;P;D;E;Q;N;H;R;K;M;I;L;V;W;Y;F
C;9;-1;-1;0;-3;-3;-3;-4;-3;-3;-3;-3;-3;-1;-1;-1;-1;-2;-2;-2
S;-1;4;1;1;0;-1;0;0;0;1;-1;-1;0;-1;-2;-2;-2;-3;-2;-2
T;-1;1;5;0;-2;-1;-1;-1;-1;0;-2;-1;-1;-1;-1;-1;0;-2;-2;-2
A;0;1;0;4;0;-1;-2;-1;-1;-2;-2;-1;-1;-1;-1;-1;0;-3;-2;-2
G;-3;0;-2;0;6;-2;-1;-2;-2;0;-2;-2;-2;-3;-4;-4;-3;-2;-3;-3
P;-3;-1;-1;-1;-2;7;-1;-1;-1;-2;-2;-2;-1;-2;-3;-3;-2;-4;-3;-4
D;-3;0;-1;-2;-1;-1;6;2;0;1;-1;-2;-1;-3;-3;-4;-3;-4;-3;-3
E;-4;0;-1;-1;-2;-1;2;5;2;0;0;0;1;-2;-3;-3;-2;-3;-2;-3
Q;-3;0;-1;-1;-2;-1;0;2;5;0;0;1;1;0;-3;-2;-2;-2;-1;-3
N;-3;1;0;-2;0;-2;1;0;0;6;1;0;0;-2;-3;-3;-3;-4;-2;-3
H;-3;-1;-2;-2;-2;-2;-1;0;0;1;8;0;-1;-2;-3;-3;-3;-2;2;-1
R;-3;-1;-1;-1;-2;-2;-2;0;1;0;0;5;2;-1;-3;-2;-3;-3;-2;-3
K;-3;0;-1;-1;-2;-1;-1;1;1;0;-1;2;5;-1;-3;-2;-2;-3;-2;-3
M;-1;-1;-1;-1;-3;-2;-3;-2;0;-2;-2;-1;-1;5;1;2;1;-1;-1;0
I;-1;-2;-1;-1;-4;-3;-3;-3;-3;-3;-3;-3;-3;1;4;2;3;-3;-1;0
L;-1;-2;-1;-1;-4;-3;-4;-3;-2;-3;-3;-2;-2;2;2;4;1;-2;-1;0
V;-1;-2;0;0;-3;-2;-3;-2;-2;-3;-3;-3;-2;1;3;1;4;-3;-1;-1
W;-2;-3;-2;-3;-2;-4;-4;-3;-2;-4;-2;-3;-3;-1;-3;-2;-3;11;2;1
Y;-2;-2;-2;-2;-3;-3;-3;-2;-1;-2;2;-2;-2;-1;-1;-1;-1;2;7;3
F;-2;-2;-2;-2;-3;-4;-3;-3;-3;-3;-1;-3;-3;0;0;0;-1;1;3;6